short,short_count,expansion,expansion_count
print,455,printed,1347
all,216,allure,473
choco,191,chocolate,687
stick,139,sticker,385
pen,98,pencil,359
deo,90,deodorant,460
eye,80,eyelet,165
dia,62,diamond,719
la,60,lavender,180
fab,59,fabric,222
cook,59,cookies,238
clean,57,cleaner,298
or,51,organic,1162
na,44,natural,682
me,42,medium,362
hold,41,holder,158
ne,39,necklace,1542
herb,39,herbal,224
pu,38,purple,128
desi,37,design,439
tab,37,tablets,108
max,37,maxima,74
pre,36,premium,558
sl,36,sleeve,542
dust,36,dustbin,87
roast,34,roasted,216
speed,32,speedwav,141
ac,30,acrylic,188
can,30,canvas,98
him,28,himalayan,68
cr,28,crystal,262
coco,27,coconut,299
mate,26,material,151
note,26,notebook,105
flow,26,flower,81
inc,24,incense,51
co,24,container,822
toy,24,toyota,60
se,23,series,116
her,23,herbal,224
pop,23,popcorn,88
boost,23,booster,65
pav,22,pavilion,46
san,21,sanitizer,93
stain,21,stainless,563
th,21,thelostpuppy,250
flexi,20,flexible,53
bell,20,bellies,68
tooth,20,toothpaste,118
wi,20,wireless,102
insta,19,instant,325
nutri,19,nutrition,65
sp,19,speedwav,141
sm,19,smooth,81
te,18,tempered,48
kada,18,kadale,39
wire,18,wireless,102
as,18,assorted,483
ka,17,karatcraft,211
surf,17,surface,85
