recall@1,recall@5,mrr,dataset,representation,input,queries,seconds
0.831,0.966,0.891,abt_buy,tfidf_word,text,1081,0.2
0.645,0.877,0.75,abt_buy,tfidf_word,raw,1081,0.2
0.786,0.943,0.856,abt_buy,tfidf_char,text,1081,0.4
0.829,0.965,0.889,abt_buy,tfidf_char,raw,1081,0.4
0.625,0.857,0.73,abt_buy,fasttext,text,1081,2.5
0.393,0.653,0.514,abt_buy,fasttext,raw,1081,1.6
0.746,0.932,0.828,abt_buy,minilm,text,1081,21.6
0.722,0.918,0.81,abt_buy,minilm,raw,1081,1.2
0.803,0.955,0.872,abt_buy,bge,text,1081,35.2
0.763,0.949,0.844,abt_buy,bge,raw,1081,2.2
0.752,0.954,0.844,amazon_google,tfidf_word,text,1113,0.8
0.75,0.948,0.841,amazon_google,tfidf_word,raw,1113,0.8
0.699,0.948,0.81,amazon_google,tfidf_char,text,1113,1.3
0.721,0.955,0.823,amazon_google,tfidf_char,raw,1113,1.3
0.539,0.772,0.641,amazon_google,fasttext,text,1113,5.8
0.552,0.774,0.652,amazon_google,fasttext,raw,1113,2.4
0.647,0.904,0.762,amazon_google,minilm,text,1113,2.6
0.649,0.919,0.767,amazon_google,minilm,raw,1113,2.6
0.686,0.927,0.791,amazon_google,bge,text,1113,3.8
0.694,0.942,0.804,amazon_google,bge,raw,1113,4.3
