source,header,gold_field,rules,emb_header,emb_header_cos,embeddings,embeddings_cos,llm_only,embeddings_llm_0.3,embeddings_llm_0.4,embeddings_llm_0.5,embeddings_llm_0.6,emb_header_llm_0.3,emb_header_llm_0.4,emb_header_llm_0.5,emb_header_llm_0.6,cascade,system
bigbasket,index,id,other,id,0.219,id,0.213,id,id,id,id,id,id,id,id,id,id,id
bigbasket,product,product_name,other,product_name,0.343,other,0.409,product_name,other,other,product_name,product_name,product_name,product_name,product_name,product_name,product_name,product_name
bigbasket,category,category,category,category,0.379,category,0.532,category,category,category,category,category,category,category,category,category,category,category
bigbasket,sub_category,sub_category,sub_category,sub_category,0.438,category,0.622,sub_category,category,category,category,category,sub_category,sub_category,sub_category,sub_category,sub_category,sub_category
bigbasket,brand,brand,brand,brand,0.472,brand,0.438,brand,brand,brand,brand,brand,brand,brand,brand,brand,brand,brand
bigbasket,sale_price,price,price,price,0.581,price,0.531,price,price,price,price,price,price,price,price,price,price,price
bigbasket,market_price,mrp,price,price,0.5,price,0.492,mrp,price,price,mrp,mrp,price,price,price,mrp,price,mrp
bigbasket,type,other,other,product_name,0.186,other,0.439,sub_category,other,other,sub_category,sub_category,sub_category,sub_category,sub_category,sub_category,sub_category,sub_category
bigbasket,rating,rating,rating,rating,0.58,rating,0.582,rating,rating,rating,rating,rating,rating,rating,rating,rating,rating,rating
bigbasket,description,description,description,description,0.404,other,0.444,description,other,other,description,description,description,description,description,description,description,description
flipkart,uniq_id,id,id,id,0.509,id,0.461,id,id,id,id,id,id,id,id,id,id,id
flipkart,crawl_timestamp,other,other,other,0.224,other,0.218,other,other,other,other,other,other,other,other,other,other,other
flipkart,product_url,other,other,product_name,0.298,other,0.443,other,other,other,other,other,other,other,other,other,other,other
flipkart,product_name,product_name,product_name,product_name,0.503,product_name,0.402,product_name,product_name,product_name,product_name,product_name,product_name,product_name,product_name,product_name,product_name,product_name
flipkart,product_category_tree,category,category,category,0.422,category,0.606,other,category,category,category,category,category,category,other,other,category,category
flipkart,pid,id,other,id,0.228,id,0.258,id,id,id,id,id,id,id,id,id,id,id
flipkart,retail_price,mrp,price,mrp,0.561,price,0.516,price,price,price,price,price,mrp,mrp,mrp,price,price,mrp
flipkart,discounted_price,price,price,price,0.56,price,0.55,price,price,price,price,price,price,price,price,price,price,price
flipkart,image,other,other,product_name,0.169,description,0.276,other,other,other,other,other,other,other,other,other,other,other
flipkart,is_FK_Advantage_product,other,other,product_name,0.259,product_name,0.198,other,other,other,other,other,other,other,other,other,other,other
flipkart,description,description,description,description,0.404,category,0.377,description,category,description,description,description,description,description,description,description,description,description
flipkart,product_rating,rating,rating,rating,0.538,rating,0.562,rating,rating,rating,rating,rating,rating,rating,rating,rating,rating,rating
flipkart,overall_rating,rating,rating,rating,0.555,rating,0.575,rating,rating,rating,rating,rating,rating,rating,rating,rating,rating,rating
flipkart,brand,brand,brand,brand,0.472,category,0.451,brand,category,category,brand,brand,brand,brand,brand,brand,brand,brand
flipkart,product_specifications,other,other,other,0.368,category,0.277,other,other,other,other,other,other,other,other,other,other,other
abt,id,id,id,id,0.471,id,0.413,id,id,id,id,id,id,id,id,id,id,id
abt,name,product_name,product_name,product_name,0.367,product_name,0.519,product_name,product_name,product_name,product_name,product_name,product_name,product_name,product_name,product_name,product_name,product_name
abt,description,description,description,description,0.404,product_name,0.428,description,product_name,product_name,description,description,description,description,description,description,description,description
abt,price,price,price,price,0.515,price,0.501,price,price,price,price,price,price,price,price,price,price,price
buy,id,id,id,id,0.471,id,0.368,id,id,id,id,id,id,id,id,id,id,id
buy,name,product_name,product_name,product_name,0.367,product_name,0.44,product_name,product_name,product_name,product_name,product_name,product_name,product_name,product_name,product_name,product_name,product_name
buy,description,description,description,description,0.404,quantity,0.368,description,quantity,description,description,description,description,description,description,description,description,description
buy,manufacturer,brand,brand,brand,0.358,brand,0.458,brand,brand,brand,brand,brand,brand,brand,brand,brand,brand,brand
buy,price,price,price,price,0.515,price,0.488,price,price,price,price,price,price,price,price,price,price,price
amazon,id,id,id,id,0.471,id,0.462,id,id,id,id,id,id,id,id,id,id,id
amazon,title,product_name,product_name,product_name,0.338,product_name,0.356,product_name,product_name,product_name,product_name,product_name,product_name,product_name,product_name,product_name,product_name,product_name
amazon,description,description,description,description,0.404,description,0.334,description,description,description,description,description,description,description,description,description,description,description
amazon,manufacturer,brand,brand,brand,0.358,other,0.394,brand,other,brand,brand,brand,brand,brand,brand,brand,brand,brand
amazon,price,price,price,price,0.515,price,0.499,price,price,price,price,price,price,price,price,price,price,price
google,id,id,id,id,0.471,id,0.373,id,id,id,id,id,id,id,id,id,id,id
google,name,product_name,product_name,product_name,0.367,product_name,0.385,product_name,product_name,product_name,product_name,product_name,product_name,product_name,product_name,product_name,product_name,product_name
google,description,description,description,description,0.404,product_name,0.341,description,product_name,description,description,description,description,description,description,description,description,description
google,manufacturer,brand,brand,brand,0.358,brand,0.422,brand,brand,brand,brand,brand,brand,brand,brand,brand,brand,brand
google,price,price,price,price,0.515,price,0.506,price,price,price,price,price,price,price,price,price,price,price
off,code,id,id,id,0.356,id,0.337,id,id,id,id,id,id,id,id,id,id,id
off,url,other,other,other,0.219,other,0.491,other,other,other,other,other,other,other,other,other,other,other
off,creator,other,other,id,0.247,id,0.333,other,id,other,other,other,other,other,other,other,other,other
off,created_t,other,other,rating,0.156,rating,0.154,other,other,other,other,other,other,other,other,other,other,other
off,product_name,product_name,product_name,product_name,0.503,product_name,0.546,product_name,product_name,product_name,product_name,product_name,product_name,product_name,product_name,product_name,product_name,product_name
off,quantity,quantity,quantity,quantity,0.418,quantity,0.458,quantity,quantity,quantity,quantity,quantity,quantity,quantity,quantity,quantity,quantity,quantity
off,packaging,other,other,quantity,0.327,quantity,0.385,other,quantity,other,other,other,quantity,other,other,other,other,other
off,brands,brand,brand,brand,0.449,brand,0.399,brand,brand,brand,brand,brand,brand,brand,brand,brand,brand,brand
off,categories,category,category,category,0.383,other,0.473,category,other,other,category,category,category,category,category,category,category,category
off,labels,other,other,product_name,0.26,other,0.462,other,other,other,other,other,other,other,other,other,other,other
off,countries,other,other,other,0.204,other,0.338,other,other,other,other,other,other,other,other,other,other,other
off,ingredients_text,other,other,other,0.381,other,0.4,other,other,other,other,other,other,other,other,other,other,other
off,serving_size,other,quantity,quantity,0.321,quantity,0.35,other,quantity,other,other,other,quantity,other,other,other,quantity,quantity
off,nutriscore_grade,other,other,rating,0.315,rating,0.261,other,other,other,other,other,rating,other,other,other,other,other
off,stores,other,other,id,0.205,category,0.327,other,category,other,other,other,other,other,other,other,other,other
