source,product_name,name_clean,name_norm,qty_value,qty_unit,pack_count
bigbasket,Elegance Deodorizing Talc - For Men 250 g + Gentleman Talc - For Men 250 g,elegance deodorizing talc for men 250 g gentleman talc for men 250 g,elegance deodorize talc for man 250 g gentleman talc for man 250 g,250.0,g,
flipkart,Bracevor Laptop Case for Apple Macbook Air 13.3 inch,bracevor laptop case for apple macbook air 33.782 cm,bracevor laptop case for apple macbook air 33.782 cm,33.782,cm,
bigbasket,Safewash Liquid Detergent 1kg (B1G1) + Softouch 2X Fabric Conditioner 800ml,safewash liquid detergent 1000 g b 1 g 1 softouch 2 x fabric conditioner 800 ml,safewash liquid detergent 1000 g b 1 g 1 softouch 2 x fabric conditioner 800 ml,1000.0,g,2.0
flipkart,Dailyware Kadhai 1.5 L,dailyware kadhai 1500 ml,dailyware kadhai 1500 ml,1500.0,ml,
flipkart,Desert Eshop Real Antique Brass Royal 3 Minute Sand Timer 281 Showpiece  -  7 cm,desert eshop real antique brass royal 3 minute sand timer 281 showpiece 7 cm,desert eshop real antique brass royal 3 minute sand timer 281 showpiece 7 cm,7.0,cm,
bigbasket,Paper Napkins - Velwet Tissue (12 x 12),paper napkins velwet tissue 12 x 12,paper napkin velwet tissue 12 x 12,,,12.0
flipkart,Shoppingtara Amabari Marble Plate Showpiece  -  7 cm,shoppingtara amabari marble plate showpiece 7 cm,shoppingtara amabari marble plate showpiece 7 cm,7.0,cm,
bigbasket,"Basmati Rice - Mogra, Broken/Tukda 5 Kg + Wheat Flour (Chakki Atta) 5 Kg",basmati rice mogra broken tukda 5000 g wheat flour chakki atta 5000 g,basmati rice mogra broken tukda 5000 g wheat flour chakki atta 5000 g,5000.0,g,
flipkart,Gee Power Imported Set of 2 Swimming Goggles,gee power imported set of 2 swimming goggles,gee power import set of 2 swimming goggle,,,2.0
bigbasket,20g Whey Protein Bar - Cranberry Orange,20 g whey protein bar cranberry orange,20 g whey protein bar cranberry orange,20.0,g,
bigbasket,Ashwagandha Churna,ashwagandha churna,ashwagandha churna,,,
flipkart,Neo Gold Leaf Fancy School Art Cloth Pencil Box,neo gold leaf fancy school art cloth pencil box,neo gold leaf fancy school art cloth pencil box,,,
flipkart,Ajile by Pantaloons Striped Women's Round Neck T-Shirt,ajile by pantaloons striped women s round neck t shirt,ajile by pantaloon strip woman s round neck t shirt,,,
bigbasket,Tulsi Leaves,tulsi leaves,tulsi leaf,,,
bigbasket,Imperial Earl Grey - Black Tea,imperial earl grey black tea,imperial earl grey black tea,,,
bigbasket,Deeply Nourishing Body Wash,deeply nourishing body wash,deeply nourish body wash,,,
bigbasket,Sensitive Plus Toothpaste 70g+Soft Bristles Toothbrush 4pcs+Mouthwash Plax 250ml,sensitive plus toothpaste 70 g soft bristles toothbrush 4 count mouthwash plax 250 ml,sensitive plus toothpaste 70 g soft bristle toothbrush 4 count mouthwash plax 250 ml,70.0,g,4.0
flipkart,Priority Hand-held Bag,priority hand held bag,priority hand hold bag,,,
bigbasket,Manchurian Instant Noodles + Manchow Instant Soup,manchurian instant noodles manchow instant soup,manchurian instant noodle manchow instant soup,,,
bigbasket,Luxury Instant Coffee - 30 Servings,luxury instant coffee 30 servings,luxury instant coffee 30 serving,,,
