token,changed_to
wlking,walking
cleasing,cleaning
asafetida,asafoetida
indirang,indian
grainy,grain
frood,food
cubics,cubic
chocolat,chocolate
sprint,print
cells,cell
timeless,wireless
paviliondv,pavilion
banaba,banana
bagsy,bags
charmer,charger
folded,folder
gardenia,gardening
search,starch
trink,drink
avacado,avocado
stripey,striped
fantasmo,fantasy
passta,pasta
formiula,formula
prima,prime
thinz,thin
initiate,intimate
actives,active
discs,disco
peela,peel
magnatic,magnetic
depigmentation,pigmentation
flite,lite
luster,duster
chapped,chopped
multigrains,multigrain
cheery,cherry
metabolic,metallic
manana,banana
tronic,tonic
